temp_est,CI_lower,CI_upper
68.105179307,67.926495393,68.283863221
