label,Estimate,Lower,Upper,Relative_effect_est,Relative_effect_lwr,Relative_effect_upr
tot_list,0.1613,0.08516,0.2375,1.175095087,1.0888954021,1.2681185545
max_dev,0.5101,0.2785,0.7417,1.6654228937,1.3211460901,2.0994146187
avg_dev,0.6511,0.3850,0.9172,1.9177382893,1.469684885,2.5023868611
AUC,0.3503,0.1416,0.5590,1.4194915884,1.1520800948,1.7489724705
