temp_est,CI_lwr,CI_upr
68.105179307,67.926495393,68.283863221
