mean_pir,mean_age
2.3952346,27.975784
